{
	# should be a copy of "combatSmall", minus variants that are annoying to fight in low numbers
	# for example, no Hyperions or fast beam-based kiting loadouts, or ships with damper field
	"combatSmallForSmallFleet":{

		"fallback":{"combatSmall":1},
	},
	"combatSmall":{

		"fallback":{"combatMedium":0.5},
	},
	"combatMedium":{
	    "TSP_Cipher_Standard":0.5,
		"TSP_Pixy_STD":0.5,
		"fallback":{"combatSmall":1},
	},
	"combatLarge":{
		"TSP_Gyges_Standard":0.5,
		"fallback":{"combatMedium":1},
	},
	"combatCapital":{
		"fallback":{"combatLarge":1},
	},

	# carriers
	"carrierLarge":{
		"TSP_Aigaion_Standard":0.5,
		"fallback":{"carrierMedium":.5},
		"fallback2":{"carrierSmall":1},
	},
}
