name,id,tier,rarity,base value,range,damage/second,damage/shot,emp,impact,turn rate,OPs,ammo,ammo/sec,reload size,type,energy/shot,energy/second,chargeup,chargedown,burst size,burst delay,min spread,max spread,spread/shot,spread decay/sec,beam speed,proj speed,launch speed,flight time,proj hitpoints,hints,tags,groupTag,tech/manufacturer,for weapon tooltip>>,primaryRoleStr,speedStr,trackingStr,turnRateStr,accuracyStr,customPrimary,customPrimaryHL,customAncillary,customAncillaryHL,noDPSInTooltip,number
Multiplex MRM,TSP_MRM,1,,200,2500,,250,150,15,30,7,,,,HIGH_EXPLOSIVE,0,,0,15,3,0.25,0,0,0,,,425,100,12.5,150,"DO_NOT_AIM, SYSTEM","missile8, strike3",,ACES,,Pressure,Fast,Excellent,,,,,,,TRUE,11.5
Multiplex MRM Pod,TSP_Multimed,1,,600,2500,,250,150,15,30,10,30,,,HIGH_EXPLOSIVE,0,,0,1.5,1,0.25,0,0,0,,,425,100,12.5,150,DO_NOT_AIM,ACES_Package,,ACES,,Pressure,Fast,Excellent,,,,,,,TRUE,12
Manticore Torpedo,TSP_TRP,1,,,1500,,2500,1000,20,15,20,8,,,ENERGY,30,,0,25,1,0.25,0,0,0,,,140,50,40,250,"DO_NOT_AIM, SYSTEM,SHOW_IN_CODEX","missile8, strike3",,ACES,,Finisher,Slow,Adequate,,,,,,,,
,,,,,,,,,,,,,,,,,,,,,,,,,,,,,,,,,,,,,,,,,,,,,,
Garuda SRM,TSP_AAM,1,,,500,,100,,5,50,,4,1,,HIGH_EXPLOSIVE,,,0,6,4,,0,0,0,,,600,600,5,75,"DO_NOT_AIM, SYSTEM,SHOW_IN_CODEX",,,ACES,,Anti-Fighter,Fast,Excellent,,,,,,,TRUE,13
Multiplex MRM Battery,TSP_MRMH,1,,,2500,,250,150,15,30,,12,2,,HIGH_EXPLOSIVE,,,0,15,6,0.25,0,0,0,,,425,100,12.5,150,"DO_NOT_AIM, SYSTEM,SHOW_IN_CODEX","missile8, strike3",,ACES,,Pressure,Fast,Excellent,,,,,,,TRUE,14
,,,,,,,,,,,,,,,,,,,,,,,,,,,,,,,,,,,,,,,,,,,,,,
Manticore Torpedo,TSP_FT,1,,,1000,,2500,1000,20,10,,1,,,ENERGY,,,0,1,1,0,0,0,0,,,140,140,20,250,"DO_NOT_AIM, SYSTEM,SHOW_IN_CODEX","missile8, strike3",,ACES,,Finisher,Slow,Adequate,,,,,,,TRUE,15
Nimbus Burst Missile,TSP_LRM,1,,,4000,,1500,1500,20,10,,20,,,HIGH_EXPLOSIVE,30,,0,20,2,0.5,0,0,0,,,600,20,50,250,"DO_NOT_AIM, SYSTEM,SHOW_IN_CODEX","missile8, strike3",,ACES,,Opener,Fast,Adequate,,,,,,,TRUE,16
