id,type,text1,text2,text3,notes
TSP_Pixy,SHIP,"A heavily modified and upgraded Hammerhead from the ACES Initiative, the Hellhound was modified for hit-and-run style attacks rather than the traditional Hammerhead's line doctrine. Sporting a built in missile system and enhanced thrusters, the Hellhound can get itself out of trouble just as fast as it gets itself into trouble.",,,
TSP_Cipher,SHIP,"A heavily modified and upgraded hammerhead from the ACES Initiative, the Frosthound was modified to serve as a support destroyer. Serving as the mobile Anchor to the Hellhound's aggressive hit-and-run tactics with its drone system and torpedoes. All the while sporting the same mobility as it's more aggressive brother",,,
TSP_Aigaion,SHIP,"A modified take on the venerable Astral class carrier, the Aigaion takes its advanced systems and mates them with powerful ballistic capabilities and specialized support missiles, allowing it to serve in a more direct role than its counterpart.",,,
TSP_Gyges,SHIP,"A newer design by the ACES Initiative, the Gyges is a hybrid between the Falcon and the Eagle. Having the mobility of the Falcon, but a punch similar to that of an Eagle.",,,
TSP_Crow,SHIP,"An advanced interceptor drone, the Crow is designed exclusively to work with the Frosthound class destroyer",,,
TSP_Strigon,SHIP,"A capable interceptor, the AS-12D Strigon aerospace fighter is designed around swarm tactics, taking advantage of large formations to rip apart larger targets and overwhelm enemy fighter squadrons.",,,
TSP_Mobius,SHIP,"Servng as a heavy fighter, the AS-71A Mobius Aerospace Superiority Fighter serves as the premier anti-fighter craft from the ACES Initiative",,,
TSP_Razor,SHIP,"A heavy bomber, the TB-21C Razor torpedo bomber carries those very same torpedoes mounted on the Frosthound and uses them to deliver a nasty knock-down punch to anyone caught unaware and with their shields down.",,,
,,,,,
TSP_Afterburner,SYSTEM,"Provides a large boost in speed and maneuverability, at the cost of disabling active venting.",,,
,,,,,
,,,,,
,,,,,
,,,,,
TSP_MRM,WEAPON,"Medium range, low payload guided missile rack with excellent maneuverability.

Three-racked medium range missiles. An excellent propulsion system delivers a small warhead to the target at sublight speeds. Sacrificing power for speed and maneuverability, the medium range missile is one of the most nimble weapons employed in the Sector, paired with an autoloader and autoforge system to keep it going in long fights.",Pressure,,
TSP_Multimed,WEAPON,"A modular version of its fixed cousin, this weapon has less staying power than it's Hellhound mounted cousin but trades it for a greater alpha-strike capability.",Pressure,,
TSP_TRP,WEAPON,"Long-range, slow speed, high yield torpedo meant to be used in conjuction with large salvos of long-range missiles.

While not having a system in place to ensure a continual supply of torpedoes, this weapon still serves a vital role in the ACES Initiative fleet plan as a high-yield finisher weapon. Packing an anti-matter catalyzed pulse-detonation warhead, this torpedo packs a hell of a wallop and a significant EMP to boot.",Finisher,,
TSP_AAM,WEAPON,"A highly maneuverable missile system, the AFM-261 Garuda is the ACES Initiative's premier Anti-fighter solution",Anti-fighter,,
TSP_MRMH,WEAPON,"A heavier variant of the Initiative's Multiplex MRM system, this one is found almost exclusively on the Aigaion carrier and is meant to support embarked bombers and strike fighters.",Pressure,,
TSP_LRM,WEAPON,"A Long-range, high yield missile, the LRAM-651 Nimbus Burst Missile serves as a potent opener to fighter strikes. Packing a powerful warhead and a high-powered engine system, the Nimbus Burst Missile is a brutal wake-up call for the strike fighters to come.",Opener,,
