name,id,designation,tech/manufacturer,system id,fleet pts,hitpoints,armor rating,max flux,8/6/5/4%,flux dissipation,ordnance points,fighter bays,max speed,acceleration,deceleration,max turn rate,turn acceleration,mass,shield type,defense id,shield arc,shield upkeep,shield efficiency,phase cost,phase upkeep,min crew,max crew,cargo,fuel,fuel/ly,range,max burn,base value,cr %/day,CR to deploy,peak CR sec,CR loss/sec,supplies/rec,supplies/mo,hints,tags,rarity,breakProb,minPieces,maxPieces,number
Hellhound,TSP_Pixy,Destroyer,ACES,TSP_afterburner,10,5000,500,4200,4167,250,95,,90,60,40,30,60,400,FRONT,,300,0.4,0.8,,,50,100,100,60,2,30,9,40000,5,12,360,0.25,8,8,,ACES_Package,,0.5,2,3,
Frosthound,TSP_Cipher,Destroyer,ACES,TSP_afterburner,10,5000,500,4200,4167,250,95,1,90,60,40,30,60,400,FRONT,,300,0.4,0.8,,,60,120,100,60,2,30,9,45000,5,12,360,0.25,8,8,,ACES_Package,,0.5,2,3,
Crow,TSP_Crow,,ACES,flarelauncher_fighter,,300,50,400,,100,0,,325,600,600,200,500,10,OMNI,,90,0,1,,,0,0,,,,,,,,,,,,,,,,,,,
,,,,,,,,,,,,,,,,,,,,,,,,,,,,,,,,,,,,,,,,,,,,,,
Aigaion,TSP_Aigaion,Fleet Carrier,ACES,targetingfeed,30,10000,1200,12000,15000,600,230,6,25,10,10,4,4,3500,FRONT,,300,0.7,0.6,,,450,1000,250,200,10,20,7,375000,3,15,600,0.25,45,45,CARRIER,ACES_Package,,0.6,2,4,
,,,,,,,,,,,,,,,,,,,,,,,,,,,,,,,,,,,,,,,,,,,,,,
Mobius,TSP_Mobius,,ACES,flarelauncher_fighter,,300,25,400,,100,,,500,600,600,200,500,15,NONE,,,,,,,2,2,,,,,,,,,,,,,,ACES_Package,,,,,
Strigon,TSP_Strigon,,ACES,flarelauncher_fighter,,250,50,200,,100,,,400,600,600,200,500,10,NONE,,,,,,,1,1,,,,,,,,,,,,,,ACES_Package,,,,,
Razor,TSP_Razor,,ACES,flarelauncher_fighter,,500,75,500,,100,,,200,600,600,200,500,35,OMNI,,25,0,1,,,2,2,,,,,,,,,,,,,,ACES_Package,,,,,
,,,,,,,,,,,,,,,,,,,,,,,,,,,,,,,,,,,,,,,,,,,,,,
Gyges,TSP_Gyges,Cruiser,ACES,ammofeed,13,7000,875,8500,8750,525,125,,65,50,30,20,25,25,FRONT,,270,0.4,0.8,,,100,200,120,100,3,33,8,40000,4,12,480,0.25,15,15,,ACES_Package,,0.5,2,3,
